id,date,datetime,platform,scene_cloud,mean_C,median_C,q10_C,q90_C,min_C,max_C,valid_pixels,valid_fraction,file,source
LC08_L2SP_196025_20240813_02_T1,2024-08-13,2024-08-13T10:21:32.310218Z,landsat-8,1.67,42.939032589661586,43.52096939086914,35.587745666503906,49.28375244140625,25.28241729736328,70.09607696533203,448077,0.5237640474392573,data/landsat_lst/koeln/03_landsat_scenes/all_processed_lst_c/20240813_lc08_l2sp_196025_20240813_02_t1_LST_C.tif,local_existing
LC08_L2SP_196024_20240813_02_T1,2024-08-13,2024-08-13T10:21:08.423414Z,landsat-8,2.32,42.07306872075198,42.22212219238281,35.20834732055664,48.83599090576172,24.516780853271484,70.09265899658203,112390,0.1313743871961697,data/landsat_lst/koeln/03_landsat_scenes/all_processed_lst_c/20240813_lc08_l2sp_196024_20240813_02_t1_LST_C.tif,local_existing
LC09_L2SP_197024_20230709_02_T1,2023-07-09,2023-07-09T10:27:14.799562Z,landsat-9,4.58,40.80633192732261,41.316349029541016,34.67855453491211,46.0571403503418,25.31659698486328,65.78936767578125,452505,0.5289400042548515,data/landsat_lst/koeln/03_landsat_scenes/all_processed_lst_c/20230709_lc09_l2sp_197024_20230709_02_t1_LST_C.tif,local_existing
LC08_L2SP_196025_20240626_02_T1,2024-06-26,2024-06-26T10:21:10.137345Z,landsat-8,4.06,37.01026386385462,36.831905364990234,30.399192810058594,43.83884811401367,22.841949462890625,66.09357452392578,451633,0.5279207101394048,data/landsat_lst/koeln/03_landsat_scenes/all_processed_lst_c/20240626_lc08_l2sp_196025_20240626_02_t1_LST_C.tif,local_existing
LC09_L2SP_196025_20240720_02_T1,2024-07-20,2024-07-20T10:21:20.686730Z,landsat-9,3.12,37.33155494122615,37.53260040283203,30.621362686157227,43.53122329711914,24.42449378967285,64.22391510009766,452377,0.5287903831002906,data/landsat_lst/koeln/03_landsat_scenes/all_processed_lst_c/20240720_lc09_l2sp_196025_20240720_02_t1_LST_C.tif,local_existing
LC08_L2SP_196025_20250629_02_T1,2025-06-29,2025-06-29T10:21:38.668219Z,landsat-8,3.85,37.606302547492874,37.7855339050293,30.881134033203125,43.51071548461914,25.791702270507812,62.07740020751953,358499,0.41905495538250415,data/landsat_lst/koeln/03_landsat_scenes/all_processed_lst_c/20250629_lc08_l2sp_196025_20250629_02_t1_LST_C.tif,local_existing
LC08_L2SP_196024_20250629_02_T1,2025-06-29,2025-06-29T10:21:14.781415Z,landsat-8,28.78,37.06463272877944,36.9481201171875,30.69655990600586,42.98775863647461,27.001680374145508,60.52561950683594,110727,0.12943048110214683,data/landsat_lst/koeln/03_landsat_scenes/all_processed_lst_c/20250629_lc08_l2sp_196024_20250629_02_t1_LST_C.tif,local_existing
LC08_L2SP_196024_20240626_02_T1,2024-06-26,2024-06-26T10:20:46.250541Z,landsat-8,1.23,35.73690260895169,34.83919906616211,29.992448806762695,42.47163772583008,22.831695556640625,66.00128936767578,116016,0.13561287396521776,data/landsat_lst/koeln/03_landsat_scenes/all_processed_lst_c/20240626_lc08_l2sp_196024_20240626_02_t1_LST_C.tif,local_existing
LC09_L2SP_197025_20240625_02_T1,2024-06-25,2024-06-25T10:27:07.239632Z,landsat-9,0.68,35.856239874212385,35.82700729370117,29.172122955322266,42.43062210083008,22.667631149291992,63.75564956665039,407331,0.46757848820524595,data/landsat_lst/koeln/03_landsat_scenes/all_processed_lst_c/20240625_lc09_l2sp_197025_20240625_02_t1_LST_C.tif,local_existing
LC08_L2SP_196025_20230624_02_T1,2023-06-24,2023-06-24T10:21:23.530370Z,landsat-8,17.95,36.42861980721511,36.43883514404297,29.879653930664062,42.42036819458008,23.98698616027832,64.51786804199219,384125,0.44900957809172243,data/landsat_lst/koeln/03_landsat_scenes/all_processed_lst_c/20230624_lc08_l2sp_196025_20230624_02_t1_LST_C.tif,local_existing
LC09_L2SP_197024_20240625_02_T1,2024-06-25,2024-06-25T10:26:43.365561Z,landsat-9,1.81,35.668223306615964,35.560401916503906,28.953369140625,42.35542678833008,22.59926986694336,63.74197769165039,452142,0.5285156880118388,data/landsat_lst/koeln/03_landsat_scenes/all_processed_lst_c/20240625_lc09_l2sp_197024_20240625_02_t1_LST_C.tif,local_existing
LC09_L2SP_196024_20240720_02_T1,2024-07-20,2024-07-20T10:20:56.804186Z,landsat-9,3.68,36.22014818553303,36.1688117980957,30.34450340270996,42.05464172363281,24.42107582092285,64.18631744384766,131357,0.15354520312240647,data/landsat_lst/koeln/03_landsat_scenes/all_processed_lst_c/20240720_lc09_l2sp_196024_20240720_02_t1_LST_C.tif,local_existing
LC08_L2SP_196024_20250613_02_T1,2025-06-13,2025-06-13T10:21:06.269648Z,landsat-8,7.29,34.750530709814534,34.64437484741211,26.23946189880371,42.02046203613281,18.408777236938477,60.6144905090332,111889,0.1307887606458958,data/landsat_lst/koeln/03_landsat_scenes/all_processed_lst_c/20250613_lc08_l2sp_196024_20250613_02_t1_LST_C.tif,local_existing
LC09_L2SP_196025_20250621_02_T1,2025-06-21,2025-06-21T10:21:32.401566Z,landsat-9,0.89,35.77117169699232,35.92271423339844,29.031984329223633,41.76411056518555,24.988466262817383,61.95435333251953,452374,0.5287868763544805,data/landsat_lst/koeln/03_landsat_scenes/all_processed_lst_c/20250621_lc09_l2sp_196025_20250621_02_t1_LST_C.tif,local_existing
LC08_L2SP_196024_20230624_02_T1,2023-06-24,2023-06-24T10:20:59.647802Z,landsat-8,20.85,35.36481539250528,34.572593688964844,29.178958892822266,41.61713409423828,22.787261962890625,64.53153991699219,100299,0.11724103266650614,data/landsat_lst/koeln/03_landsat_scenes/all_processed_lst_c/20230624_lc08_l2sp_196024_20230624_02_t1_LST_C.tif,local_existing
LC08_L2SP_196024_20210618_02_T1,2021-06-18,2021-06-18T10:21:20.787861Z,landsat-8,26.93,35.903617905682545,35.536476135253906,30.221454620361328,41.316349029541016,23.747724533081055,61.90650177001953,97903,0.1144403116795676,data/landsat_lst/koeln/03_landsat_scenes/all_processed_lst_c/20210618_lc08_l2sp_196024_20210618_02_t1_LST_C.tif,local_existing
LC09_L2SP_196025_20230616_02_T1,2023-06-16,2023-06-16T10:21:12.529358Z,landsat-9,19.8,33.44397667208729,33.71125411987305,24.88934326171875,41.309513092041016,8.640076637268066,58.73799514770508,361616,0.4226984642791183,data/landsat_lst/koeln/03_landsat_scenes/all_processed_lst_c/20230616_lc09_l2sp_196025_20230616_02_t1_LST_C.tif,local_existing
LC09_L2SP_196024_20250621_02_T1,2025-06-21,2025-06-21T10:21:08.519022Z,landsat-9,0.02,35.26451818694353,35.081878662109375,28.943115234375,41.08734130859375,24.995302200317383,61.93726348876953,125542,0.14674796082731148,data/landsat_lst/koeln/03_landsat_scenes/all_processed_lst_c/20250621_lc09_l2sp_196024_20250621_02_t1_LST_C.tif,local_existing
LC09_L2SP_196024_20220816_02_T1,2022-08-16,2022-08-16T10:21:41.911031Z,landsat-9,10.66,35.996975291466384,36.65416717529297,29.722423553466797,41.07366943359375,24.239919662475586,57.38104248046875,129837,0.1517684519119947,data/landsat_lst/koeln/03_landsat_scenes/all_processed_lst_c/20220816_lc09_l2sp_196024_20220816_02_t1_LST_C.tif,local_existing
LC09_L2SP_196025_20220816_02_T1,2022-08-16,2022-08-16T10:22:05.793574Z,landsat-9,21.94,35.08977604743098,35.621925354003906,29.059328079223633,40.50969696044922,16.600645065307617,57.39813232421875,419470,0.4903248883101459,data/landsat_lst/koeln/03_landsat_scenes/all_processed_lst_c/20220816_lc09_l2sp_196025_20220816_02_t1_LST_C.tif,local_existing
LC08_L2SP_196025_20250613_02_T1,2025-06-13,2025-06-13T10:21:30.152216Z,landsat-8,0.9,33.69063659531817,33.69074630737305,26.789762496948242,40.28410720825195,18.859956741333008,60.6008186340332,427444,0.49964581867318764,data/landsat_lst/koeln/03_landsat_scenes/all_processed_lst_c/20250613_lc08_l2sp_196025_20250613_02_t1_LST_C.tif,local_existing
LC08_L2SP_196025_20230608_02_T1,2023-06-08,2023-06-08T10:21:17.718349Z,landsat-8,23.51,34.1189271665585,34.18635940551758,27.657939910888672,40.05168151855469,18.798433303833008,62.03296661376953,143116,0.16729047778242745,data/landsat_lst/koeln/03_landsat_scenes/all_processed_lst_c/20230608_lc08_l2sp_196025_20230608_02_t1_LST_C.tif,local_existing
LC08_L2SP_196025_20240829_02_T1,2024-08-29,2024-08-29T10:21:38.799469Z,landsat-8,2.23,34.90014779304383,35.30405044555664,29.45240020751953,39.81241989135742,9.634720802307129,52.09336471557617,298639,0.3490836873198409,data/landsat_lst/koeln/03_landsat_scenes/all_processed_lst_c/20240829_lc08_l2sp_196025_20240829_02_t1_LST_C.tif,local_existing
LC09_L2SP_197024_20240812_02_T1,2024-08-12,2024-08-12T10:27:15.615953Z,landsat-9,13.18,30.623245004955596,30.66238021850586,22.718900680541992,39.46036148071289,11.268534660339355,49.81354522705078,132752,0.15517583992406728,data/landsat_lst/koeln/03_landsat_scenes/all_processed_lst_c/20240812_lc09_l2sp_197024_20240812_02_t1_LST_C.tif,local_existing
LC08_L2SP_197024_20230615_02_T1,2023-06-15,2023-06-15T10:27:08.074183Z,landsat-8,24,33.28095105143936,33.38654327392578,26.765836715698242,39.33731460571289,12.656250953674316,49.24957275390625,110520,0.12918851564125522,data/landsat_lst/koeln/03_landsat_scenes/all_processed_lst_c/20230615_lc08_l2sp_197024_20230615_02_t1_LST_C.tif,local_existing
LC08_L2SP_197025_20230615_02_T1,2023-06-15,2023-06-15T10:27:31.960987Z,landsat-8,18.12,33.06828683019946,33.152408599853516,26.519739151000977,39.21939468383789,11.71629524230957,49.27349853515625,116226,0.13341674797681227,data/landsat_lst/koeln/03_landsat_scenes/all_processed_lst_c/20230615_lc08_l2sp_197025_20230615_02_t1_LST_C.tif,local_existing
LC08_L2SP_196025_20210602_02_T1,2021-06-02,2021-06-02T10:21:38.797819Z,landsat-8,0.11,33.2898928604155,33.73859786987305,27.302465438842773,39.118560791015625,19.601667404174805,59.59592056274414,452294,0.52869336313288,data/landsat_lst/koeln/03_landsat_scenes/all_processed_lst_c/20210602_lc08_l2sp_196025_20210602_02_t1_LST_C.tif,local_existing
LC09_L2SP_197025_20250815_02_T1,2025-08-15,2025-08-15T10:28:09.043257Z,landsat-9,1.96,34.24081355934339,34.70248031616211,28.252676010131836,39.084381103515625,25.603710174560547,54.50648880004883,414508,0.4758170234747173,data/landsat_lst/koeln/03_landsat_scenes/all_processed_lst_c/20250815_lc09_l2sp_197025_20250815_02_t1_LST_C.tif,local_existing
LC09_L2SP_197024_20250815_02_T1,2025-08-15,2025-08-15T10:27:45.160714Z,landsat-9,6.91,34.15021569345314,34.63753890991211,28.05443000793457,39.057037353515625,25.34052276611328,54.52699661254883,451180,0.5273911915220914,data/landsat_lst/koeln/03_landsat_scenes/all_processed_lst_c/20250815_lc09_l2sp_197024_20250815_02_t1_LST_C.tif,local_existing
LC08_L2SP_197025_20250620_02_T1,2025-06-20,2025-06-20T10:27:45.808360Z,landsat-8,0.41,32.76398105577939,32.87384033203125,25.925004959106445,38.95107650756836,14.724152565002441,59.879615783691406,418397,0.4802812374447569,data/landsat_lst/koeln/03_landsat_scenes/all_processed_lst_c/20250620_lc08_l2sp_197025_20250620_02_t1_LST_C.tif,local_existing
LC08_L2SP_197024_20250620_02_T1,2025-06-20,2025-06-20T10:27:21.921556Z,landsat-8,0.66,32.703946988552175,32.771297454833984,25.815628051757812,38.94765853881836,14.727570533752441,59.76340103149414,452116,0.5284852962148185,data/landsat_lst/koeln/03_landsat_scenes/all_processed_lst_c/20250620_lc08_l2sp_197024_20250620_02_t1_LST_C.tif,local_existing
LC09_L2SP_196025_20230531_02_T1,2023-05-31,2023-05-31T10:21:22.102881Z,landsat-9,0.02,32.65541489845274,33.143863677978516,25.996782302856445,38.70156478881836,20.7364501953125,58.65254592895508,452141,0.5285145190965688,data/landsat_lst/koeln/03_landsat_scenes/all_processed_lst_c/20230531_lc09_l2sp_196025_20230531_02_t1_LST_C.tif,local_existing
LC09_L2SP_197025_20240812_02_T1,2024-08-12,2024-08-12T10:27:39.506968Z,landsat-9,6.36,29.58264760321501,29.035402297973633,22.089984893798828,38.667381286621094,10.102989196777344,49.83063507080078,166490,0.19111519256155657,data/landsat_lst/koeln/03_landsat_scenes/all_processed_lst_c/20240812_lc09_l2sp_197025_20240812_02_t1_LST_C.tif,local_existing
LC08_L2SP_196025_20230811_02_T1,2023-08-11,2023-08-11T10:21:45.053169Z,landsat-8,0.74,33.5809755540019,33.75226974487305,28.184314727783203,38.458885192871094,22.821441650390625,58.33125305175781,452581,0.5290288418153721,data/landsat_lst/koeln/03_landsat_scenes/all_processed_lst_c/20230811_lc08_l2sp_196025_20230811_02_t1_LST_C.tif,local_existing
LC08_L2SP_196025_20200530_02_T1,2020-05-30,2020-05-30T10:21:22.251546Z,landsat-8,14.73,32.872000691731365,33.50275421142578,25.74043083190918,38.43153762817383,17.53376579284668,57.51776123046875,250085,0.2923281752998852,data/landsat_lst/koeln/03_landsat_scenes/all_processed_lst_c/20200530_lc08_l2sp_196025_20200530_02_t1_LST_C.tif,local_existing
LC08_L2SP_197024_20200521_02_T1,2020-05-21,2020-05-21T10:27:06.847086Z,landsat-8,3.08,31.935271985098776,32.53545379638672,23.655439376831055,38.41102981567383,15.97514820098877,59.530975341796875,451544,0.5278166766803741,data/landsat_lst/koeln/03_landsat_scenes/all_processed_lst_c/20200521_lc08_l2sp_197024_20200521_02_t1_LST_C.tif,local_existing
LC08_L2SP_197025_20200521_02_T1,2020-05-21,2020-05-21T10:27:30.729653Z,landsat-8,1.57,31.933729984835455,32.53203582763672,23.737470626831055,38.37343215942383,15.951221466064453,59.472869873046875,425407,0.4883280720886185,data/landsat_lst/koeln/03_landsat_scenes/all_processed_lst_c/20200521_lc08_l2sp_197025_20200521_02_t1_LST_C.tif,local_existing
LC09_L2SP_197025_20220807_02_T1,2022-08-07,2022-08-07T10:28:12.517557Z,landsat-9,0.28,33.298401320230006,33.90266418457031,26.67696762084961,38.33583450317383,22.988924026489258,56.15739059448242,411335,0.4721747115881306,data/landsat_lst/koeln/03_landsat_scenes/all_processed_lst_c/20220807_lc09_l2sp_197025_20220807_02_t1_LST_C.tif,local_existing
LC08_L2SP_196024_20200530_02_T1,2020-05-30,2020-05-30T10:20:58.364743Z,landsat-8,20.51,32.350888822057705,32.45000457763672,25.29950714111328,38.29481887817383,16.060598373413086,57.528018951416016,69944,0.08175860964542124,data/landsat_lst/koeln/03_landsat_scenes/all_processed_lst_c/20200530_lc08_l2sp_196024_20200530_02_t1_LST_C.tif,local_existing
LC09_L2SP_197025_20230911_02_T1,2023-09-11,2023-09-11T10:28:07.916366Z,landsat-9,6.07,34.064784290755235,34.26839065551758,29.41138458251953,38.29140090942383,25.097843170166016,55.241363525390625,410888,0.47166159673994146,data/landsat_lst/koeln/03_landsat_scenes/all_processed_lst_c/20230911_lc09_l2sp_197025_20230911_02_t1_LST_C.tif,local_existing
LC09_L2SP_197024_20220807_02_T1,2022-08-07,2022-08-07T10:27:48.639249Z,landsat-9,5.68,33.14372782752481,33.77619552612305,26.383018493652344,38.27431106567383,22.99576187133789,56.06168746948242,452326,0.5287307684215202,data/landsat_lst/koeln/03_landsat_scenes/all_processed_lst_c/20220807_lc09_l2sp_197024_20220807_02_t1_LST_C.tif,local_existing
LC08_L2SP_196024_20210602_02_T1,2021-06-02,2021-06-02T10:21:14.915252Z,landsat-8,14.13,32.237771430577546,31.803998947143555,26.929901123046875,38.26063919067383,20.042591094970703,59.59250259399414,122828,0.14357552478451047,data/landsat_lst/koeln/03_landsat_scenes/all_processed_lst_c/20210602_lc08_l2sp_196024_20210602_02_t1_LST_C.tif,local_existing
LC09_L2SP_197024_20230911_02_T1,2023-09-11,2023-09-11T10:27:44.033823Z,landsat-9,0.87,33.93982264023992,34.10774230957031,29.2268123626709,38.25380325317383,25.094425201416016,55.05337142944336,452316,0.5287190792688201,data/landsat_lst/koeln/03_landsat_scenes/all_processed_lst_c/20230911_lc09_l2sp_197024_20230911_02_t1_LST_C.tif,local_existing
LC08_L2SP_196024_20220808_02_T1,2022-08-08,2022-08-08T10:21:58.839129Z,landsat-8,3.9,33.1407181835056,33.77277755737305,26.721403121948242,38.25038528442383,23.600749969482422,54.728660583496094,125436,0.14662405580869065,data/landsat_lst/koeln/03_landsat_scenes/all_processed_lst_c/20220808_lc08_l2sp_196024_20220808_02_t1_LST_C.tif,local_existing
LC09_L2SP_196024_20230531_02_T1,2023-05-31,2023-05-31T10:20:58.224574Z,landsat-9,4.77,32.099198002552555,32.08769607543945,25.890823364257812,38.22304153442383,21.1124324798584,58.65254592895508,148755,0.1738819909900011,data/landsat_lst/koeln/03_landsat_scenes/all_processed_lst_c/20230531_lc09_l2sp_196024_20230531_02_t1_LST_C.tif,local_existing
LC08_L2SP_197025_20220730_02_T1,2022-07-30,2022-07-30T10:28:28.837162Z,landsat-8,3.4,32.803370837077175,33.229312896728516,26.803434371948242,37.55994415283203,20.866334915161133,54.800437927246094,309598,0.3553900017218619,data/landsat_lst/koeln/03_landsat_scenes/all_processed_lst_c/20220730_lc08_l2sp_197025_20220730_02_t1_LST_C.tif,local_existing
LC08_L2SP_197024_20220730_02_T1,2022-07-30,2022-07-30T10:28:04.950358Z,landsat-8,5.7,32.66837170499588,33.123355865478516,26.506067276000977,37.48133087158203,20.862916946411133,54.913230895996094,343254,0.40123484209123617,data/landsat_lst/koeln/03_landsat_scenes/all_processed_lst_c/20220730_lc08_l2sp_197024_20220730_02_t1_LST_C.tif,local_existing
LC08_L2SP_196024_20230811_02_T1,2023-08-11,2023-08-11T10:21:21.166365Z,landsat-8,0.07,32.5631709892706,32.26201248168945,27.95872688293457,37.47791290283203,22.814605712890625,58.32099914550781,113736,0.13294774714960012,data/landsat_lst/koeln/03_landsat_scenes/all_processed_lst_c/20230811_lc08_l2sp_196024_20230811_02_t1_LST_C.tif,local_existing
LC08_L2SP_197025_20220511_02_T1,2022-05-11,2022-05-11T10:27:58.504933Z,landsat-8,3.26,32.01353873936376,32.45000457763672,26.075397491455078,37.375370025634766,20.29894256591797,55.16274642944336,417663,0.4794386730184239,data/landsat_lst/koeln/03_landsat_scenes/all_processed_lst_c/20220511_lc08_l2sp_197025_20220511_02_t1_LST_C.tif,local_existing
LC08_L2SP_197024_20220511_02_T1,2022-05-11,2022-05-11T10:27:34.618129Z,landsat-8,4.24,31.839510924636112,32.26201248168945,25.887405395507812,37.283084869384766,19.90928840637207,55.11831283569336,452591,0.5290405309680722,data/landsat_lst/koeln/03_landsat_scenes/all_processed_lst_c/20220511_lc08_l2sp_197024_20220511_02_t1_LST_C.tif,local_existing
LC09_L2SP_196024_20230616_02_T1,2023-06-16,2023-06-16T10:20:48.646814Z,landsat-9,28.32,29.537287351605055,29.031984329223633,23.04190444946289,36.9412841796875,13.374034881591797,54.0245475769043,86486,0.10109480604188925,data/landsat_lst/koeln/03_landsat_scenes/all_processed_lst_c/20230616_lc09_l2sp_196024_20230616_02_t1_LST_C.tif,local_existing
LC09_L2SP_197024_20240828_02_T1,2024-08-28,2024-08-28T10:27:27.327172Z,landsat-9,0.07,32.634372408292734,33.05499267578125,27.422096252441406,36.848995208740234,24.082691192626953,54.844871520996094,451817,0.5281357905490862,data/landsat_lst/koeln/03_landsat_scenes/all_processed_lst_c/20240828_lc09_l2sp_197024_20240828_02_t1_LST_C.tif,local_existing
LC09_L2SP_197025_20240828_02_T1,2024-08-28,2024-08-28T10:27:51.213951Z,landsat-9,0.01,32.723581937748875,33.143863677978516,27.599834442138672,36.835323333740234,24.157888412475586,54.65004348754883,408874,0.4693497101532457,data/landsat_lst/koeln/03_landsat_scenes/all_processed_lst_c/20240828_lc09_l2sp_197025_20240828_02_t1_LST_C.tif,local_existing
LC08_L2SP_197025_20220628_02_T1,2022-06-28,2022-06-28T10:28:18.822451Z,landsat-8,24.94,30.893684255777394,30.74441146850586,24.742368698120117,36.787471771240234,18.98300552368164,60.51878356933594,409407,0.4699615450840843,data/landsat_lst/koeln/03_landsat_scenes/all_processed_lst_c/20220628_lc08_l2sp_197025_20220628_02_t1_LST_C.tif,local_existing
LC08_L2SP_197025_20220612_02_T1,2022-06-12,2022-06-12T10:28:13.050259Z,landsat-8,7.44,30.7525976847575,30.778593063354492,24.29460906982422,36.705440521240234,20.695432662963867,57.254573822021484,414226,0.4754933134362624,data/landsat_lst/koeln/03_landsat_scenes/all_processed_lst_c/20220612_lc08_l2sp_197025_20220612_02_t1_LST_C.tif,local_existing
LC08_L2SP_197024_20220628_02_T1,2022-06-28,2022-06-28T10:27:54.939883Z,landsat-8,8.64,30.773475830089446,30.539331436157227,24.674009323120117,36.702022552490234,18.98300552368164,60.50852966308594,442056,0.5167260085985407,data/landsat_lst/koeln/03_landsat_scenes/all_processed_lst_c/20220628_lc08_l2sp_197024_20220628_02_t1_LST_C.tif,local_existing
LC09_L2SP_196025_20240805_02_T1,2024-08-05,2024-08-05T10:21:24.336506Z,landsat-9,24.99,30.854401544466217,30.74782943725586,24.81072998046875,36.691768646240234,18.900972366333008,52.5684700012207,172523,0.20166476912754502,data/landsat_lst/koeln/03_landsat_scenes/all_processed_lst_c/20240805_lc09_l2sp_196025_20240805_02_t1_LST_C.tif,local_existing
LC08_L2SP_196025_20250512_02_T1,2025-05-12,2025-05-12T10:21:17.302223Z,landsat-8,0.49,30.940028561529974,31.315221786499023,24.79364013671875,36.45250701904297,19.629011154174805,55.65835952758789,452050,0.5284081478069981,data/landsat_lst/koeln/03_landsat_scenes/all_processed_lst_c/20250512_lc08_l2sp_196025_20250512_02_t1_LST_C.tif,local_existing
LC09_L2SP_197025_20250612_02_T1,2025-06-12,2025-06-12T10:27:36.375303Z,landsat-9,5.46,31.133827149340682,31.301549911499023,25.552440643310547,36.3978157043457,20.606565475463867,55.07729721069336,419457,0.4814980198588073,data/landsat_lst/koeln/03_landsat_scenes/all_processed_lst_c/20250612_lc09_l2sp_197025_20250612_02_t1_LST_C.tif,local_existing
LC09_L2SP_196024_20220901_02_T1,2022-09-01,2022-09-01T10:21:43.798525Z,landsat-9,22.74,31.78906675592524,32.08085632324219,26.154010772705078,36.3943977355957,20.30236053466797,51.64218521118164,77841,0.09098953353267235,data/landsat_lst/koeln/03_landsat_scenes/all_processed_lst_c/20220901_lc09_l2sp_196024_20220901_02_t1_LST_C.tif,local_existing
LC08_L2SP_196025_20220723_02_T1,2022-07-23,2022-07-23T10:22:13.264964Z,landsat-8,22.87,31.48434870638049,31.698040008544922,25.880569458007812,36.3533821105957,18.589933395385742,55.313140869140625,426167,0.4981531138733878,data/landsat_lst/koeln/03_landsat_scenes/all_processed_lst_c/20220723_lc08_l2sp_196025_20220723_02_t1_LST_C.tif,local_existing
LC09_L2SP_197024_20250612_02_T1,2025-06-12,2025-06-12T10:27:12.496995Z,landsat-9,0.24,31.017888773387565,31.127229690551758,25.463571548461914,36.3431282043457,20.596311569213867,55.04311752319336,452132,0.5285039988591387,data/landsat_lst/koeln/03_landsat_scenes/all_processed_lst_c/20250612_lc09_l2sp_197024_20250612_02_t1_LST_C.tif,local_existing
LC08_L2SP_197024_20250519_02_T1,2025-05-19,2025-05-19T10:27:06.496204Z,landsat-8,7.34,29.818259224622278,30.187274932861328,22.616361618041992,36.11753845214844,14.587431907653809,49.085506439208984,261018,0.3051079259468798,data/landsat_lst/koeln/03_landsat_scenes/all_processed_lst_c/20250519_lc08_l2sp_197024_20250519_02_t1_LST_C.tif,local_existing
LC08_L2SP_197025_20250519_02_T1,2025-05-19,2025-05-19T10:27:30.387244Z,landsat-8,15.76,29.78097863371124,30.112077713012695,22.729154586791992,36.03550720214844,14.765169143676758,48.890682220458984,246681,0.28316707800034435,data/landsat_lst/koeln/03_landsat_scenes/all_processed_lst_c/20250519_lc08_l2sp_197025_20250519_02_t1_LST_C.tif,local_existing
LC08_L2SP_196024_20250512_02_T1,2025-05-12,2025-05-12T10:20:53.419654Z,landsat-8,0.08,30.27168174258432,30.060808181762695,24.571468353271484,36.00816345214844,20.124624252319336,55.65494155883789,121496,0.14201852964486017,data/landsat_lst/koeln/03_landsat_scenes/all_processed_lst_c/20250512_lc08_l2sp_196024_20250512_02_t1_LST_C.tif,local_existing
LC08_L2SP_196024_20240829_02_T1,2024-08-29,2024-08-29T10:21:14.916901Z,landsat-8,16.67,29.185424865233003,29.155033111572266,22.975252151489258,35.93980407714844,12.762208938598633,51.303802490234375,31739,0.0371002017547756,data/landsat_lst/koeln/03_landsat_scenes/all_processed_lst_c/20240829_lc08_l2sp_196024_20240829_02_t1_LST_C.tif,local_existing
LC09_L2SP_196025_20250520_02_T1,2025-05-20,2025-05-20T10:21:24.671977Z,landsat-9,27.94,29.727393104780848,29.883071899414062,23.180334091186523,35.75864791870117,18.217369079589844,44.61132049560547,48868,0.057122551414738154,data/landsat_lst/koeln/03_landsat_scenes/all_processed_lst_c/20250520_lc09_l2sp_196025_20250520_02_t1_LST_C.tif,local_existing
LC09_L2SP_197025_20250511_02_T1,2025-05-11,2025-05-11T10:27:40.938419Z,landsat-9,0.01,30.327504578506893,30.74099349975586,24.51336097717285,35.512550354003906,18.692474365234375,53.4332275390625,397351,0.4561223669861677,data/landsat_lst/koeln/03_landsat_scenes/all_processed_lst_c/20250511_lc09_l2sp_197025_20250511_02_t1_LST_C.tif,local_existing
LC09_L2SP_197024_20250511_02_T1,2025-05-11,2025-05-11T10:27:17.055874Z,landsat-9,0.13,30.119776971981803,30.467552185058594,24.32537078857422,35.440773010253906,18.736907958984375,53.4400634765625,450458,0.5265472346971457,data/landsat_lst/koeln/03_landsat_scenes/all_processed_lst_c/20250511_lc09_l2sp_197024_20250511_02_t1_LST_C.tif,local_existing
LC09_L2SP_197025_20230810_02_T1,2023-08-10,2023-08-10T10:27:50.720541Z,landsat-9,0.01,29.768603618567607,29.971939086914062,23.809249877929688,34.76742172241211,21.25598907470703,56.09928512573242,418902,0.48086093095333754,data/landsat_lst/koeln/03_landsat_scenes/all_processed_lst_c/20230810_lc09_l2sp_197025_20230810_02_t1_LST_C.tif,local_existing
LC09_L2SP_197025_20240609_02_T1,2024-06-09,2024-06-09T10:27:24.097345Z,landsat-9,9.14,28.477496075928418,28.772214889526367,21.505504608154297,34.593101501464844,17.506420135498047,55.337066650390625,373022,0.4281949147678356,data/landsat_lst/koeln/03_landsat_scenes/all_processed_lst_c/20240609_lc09_l2sp_197025_20240609_02_t1_LST_C.tif,local_existing
LC08_L2SP_197025_20250807_02_T1,2025-08-07,2025-08-07T10:28:03.436031Z,landsat-8,11.7,29.304901122803482,29.496835708618164,23.802413940429688,34.470054626464844,2.7029762268066406,54.60902786254883,343825,0.394679446708374,data/landsat_lst/koeln/03_landsat_scenes/all_processed_lst_c/20250807_lc08_l2sp_197025_20250807_02_t1_LST_C.tif,local_existing
LC09_L2SP_197024_20240609_02_T1,2024-06-09,2024-06-09T10:27:00.223274Z,landsat-9,29.56,28.154263658533093,28.314199447631836,21.1192684173584,34.411949157714844,17.311594009399414,55.316558837890625,433251,0.5064337096461226,data/landsat_lst/koeln/03_landsat_scenes/all_processed_lst_c/20240609_lc09_l2sp_197024_20240609_02_t1_LST_C.tif,local_existing
LC08_L2SP_197025_20240820_02_T1,2024-08-20,2024-08-20T10:27:49.254347Z,landsat-8,5.28,29.75950149308115,30.026628494262695,24.704771041870117,34.22053909301758,12.916020393371582,52.5889778137207,368608,0.42312804913045976,data/landsat_lst/koeln/03_landsat_scenes/all_processed_lst_c/20240820_lc08_l2sp_197025_20240820_02_t1_LST_C.tif,local_existing
LC08_L2SP_197024_20240820_02_T1,2024-08-20,2024-08-20T10:27:25.376014Z,landsat-8,12.6,29.492203617696877,29.80445671081543,24.39031410217285,34.12825393676758,12.987798690795898,52.5650520324707,428490,0.5008685040456158,data/landsat_lst/koeln/03_landsat_scenes/all_processed_lst_c/20240820_lc08_l2sp_197024_20240820_02_t1_LST_C.tif,local_existing
LC08_L2SP_196024_20220723_02_T1,2022-07-23,2022-07-23T10:21:49.382396Z,landsat-8,19.86,29.448799377729433,29.41822052001953,24.215993881225586,34.10090637207031,18.44295883178711,55.326812744140625,108497,0.12682380005002958,data/landsat_lst/koeln/03_landsat_scenes/all_processed_lst_c/20220723_lc08_l2sp_196024_20220723_02_t1_LST_C.tif,local_existing
LC09_L2SP_197025_20230623_02_T1,2023-06-23,2023-06-23T10:27:23.685541Z,landsat-9,15.67,28.89016984846866,28.45092010498047,24.30144500732422,33.86506271362305,20.555294036865234,46.16993713378906,92416,0.10608505997818975,data/landsat_lst/koeln/03_landsat_scenes/all_processed_lst_c/20230623_lc09_l2sp_197025_20230623_02_t1_LST_C.tif,local_existing
LC08_L2SP_196025_20240728_02_T1,2024-07-28,2024-07-28T10:21:30.909448Z,landsat-8,24.46,29.056408520403107,28.898681640625,24.178396224975586,33.83771896362305,19.656354904174805,52.42149353027344,249751,0.29193775759970264,data/landsat_lst/koeln/03_landsat_scenes/all_processed_lst_c/20240728_lc08_l2sp_196025_20240728_02_t1_LST_C.tif,local_existing
LC09_L2SP_197024_20230623_02_T1,2023-06-23,2023-06-23T10:26:59.794526Z,landsat-9,20.33,28.733846165308012,28.36205291748047,23.96647834777832,33.73859786987305,20.568965911865234,46.15626525878906,99846,0.11671151404919262,data/landsat_lst/koeln/03_landsat_scenes/all_processed_lst_c/20230623_lc09_l2sp_197024_20230623_02_t1_LST_C.tif,local_existing
LC08_L2SP_196025_20240509_02_T1,2024-05-09,2024-05-09T10:21:10.121532Z,landsat-8,15.12,27.513830760150434,27.302465438842773,21.857561111450195,33.301090240478516,16.37163734436035,55.962562561035156,430423,0.5031280172625407,data/landsat_lst/koeln/03_landsat_scenes/all_processed_lst_c/20240509_lc08_l2sp_196025_20240509_02_t1_LST_C.tif,local_existing
LC08_L2SP_196025_20200412_02_T1,2020-04-12,2020-04-12T10:21:30.785447Z,landsat-8,28.22,28.576063546662677,28.765378952026367,24.028003692626953,33.242984771728516,17.03473472595215,49.87848663330078,452292,0.5286910253023399,data/landsat_lst/koeln/03_landsat_scenes/all_processed_lst_c/20200412_lc08_l2sp_196025_20200412_02_t1_LST_C.tif,local_existing
LC08_L2SP_197025_20230818_02_T1,2023-08-18,2023-08-18T10:28:01.641922Z,landsat-8,19.98,28.483869109636707,28.744871139526367,23.44010353088379,33.191715240478516,0.49835336208343506,51.50546646118164,281905,0.3236009872008265,data/landsat_lst/koeln/03_landsat_scenes/all_processed_lst_c/20230818_lc08_l2sp_197025_20230818_02_t1_LST_C.tif,local_existing
LC08_L2SP_196025_20210720_02_T1,2021-07-20,2021-07-20T10:21:50.900371Z,landsat-8,24.3,27.44082445987175,27.275121688842773,22.20277976989746,32.54912567138672,19.00693130493164,51.884864807128906,143026,0.16718527540812678,data/landsat_lst/koeln/03_landsat_scenes/all_processed_lst_c/20210720_lc08_l2sp_196025_20210720_02_t1_LST_C.tif,local_existing
LC08_L2SP_196024_20200412_02_T1,2020-04-12,2020-04-12T10:21:06.907115Z,landsat-8,4.59,27.905773138402033,27.818586349487305,23.597332000732422,32.50811004638672,17.24665069580078,49.89558029174805,132985,0.15544819718197908,data/landsat_lst/koeln/03_landsat_scenes/all_processed_lst_c/20200412_lc08_l2sp_196024_20200412_02_t1_LST_C.tif,local_existing
LC09_L2SP_196025_20240501_02_T1,2024-05-01,2024-05-01T10:21:29.946301Z,landsat-9,18.12,26.297544157974073,26.536828994750977,19.91612434387207,32.40557098388672,10.714815139770508,49.550357818603516,429678,0.5022571753863849,data/landsat_lst/koeln/03_landsat_scenes/all_processed_lst_c/20240501_lc09_l2sp_196025_20240501_02_t1_LST_C.tif,local_existing
LC08_L2SP_196024_20240509_02_T1,2024-05-09,2024-05-09T10:20:46.243199Z,landsat-8,19.09,26.533659464800046,26.020708084106445,21.63538932800293,32.09794998168945,16.416072845458984,55.952308654785156,124171,0.14514537799213087,data/landsat_lst/koeln/03_landsat_scenes/all_processed_lst_c/20240509_lc08_l2sp_196024_20240509_02_t1_LST_C.tif,local_existing
LC08_L2SP_196025_20210821_02_T1,2021-08-21,2021-08-21T10:22:04.025246Z,landsat-8,14.24,27.617087757499572,27.712629318237305,22.975252151489258,31.974899291992188,17.851640701293945,48.79155731201172,448151,0.5238505471692378,data/landsat_lst/koeln/03_landsat_scenes/all_processed_lst_c/20210821_lc08_l2sp_196025_20210821_02_t1_LST_C.tif,local_existing
LC08_L2SP_197025_20230530_02_T1,2023-05-30,2023-05-30T10:27:22.997817Z,landsat-8,1.64,26.155762067484766,26.57784652709961,19.782821655273438,31.937301635742188,14.119163513183594,47.03127670288086,425170,0.4880560179073638,data/landsat_lst/koeln/03_landsat_scenes/all_processed_lst_c/20230530_lc08_l2sp_197025_20230530_02_t1_LST_C.tif,local_existing
LC08_L2SP_197024_20230530_02_T1,2023-05-30,2023-05-30T10:26:59.111012Z,landsat-8,13.22,25.97234977913725,26.379600524902344,19.584577560424805,31.827924728393555,13.30567455291748,46.99709701538086,449941,0.5259429055025517,data/landsat_lst/koeln/03_landsat_scenes/all_processed_lst_c/20230530_lc08_l2sp_197024_20230530_02_t1_LST_C.tif,local_existing
LC09_L2SP_196024_20240501_02_T1,2024-05-01,2024-05-01T10:21:06.063758Z,landsat-9,11.03,26.560305150648535,26.300987243652344,21.932756423950195,31.807416915893555,13.609878540039062,49.516178131103516,134353,0.15704727327134965,data/landsat_lst/koeln/03_landsat_scenes/all_processed_lst_c/20240501_lc09_l2sp_196024_20240501_02_t1_LST_C.tif,local_existing
LC08_L2SP_196024_20200919_02_T1,2020-09-19,2020-09-19T10:21:45.692718Z,landsat-8,0.27,27.611039323786212,27.96214485168457,23.38199806213379,31.287878036499023,20.155385971069336,41.97260665893555,117409,0.13724117293633853,data/landsat_lst/koeln/03_landsat_scenes/all_processed_lst_c/20200919_lc08_l2sp_196024_20200919_02_t1_LST_C.tif,local_existing
LC08_L2SP_196025_20200919_02_T1,2020-09-19,2020-09-19T10:22:09.579520Z,landsat-8,0.07,27.39285002044639,27.685283660888672,23.49479103088379,30.580347061157227,20.090444564819336,41.97944259643555,451574,0.5278517441384744,data/landsat_lst/koeln/03_landsat_scenes/all_processed_lst_c/20200919_lc08_l2sp_196025_20200919_02_t1_LST_C.tif,local_existing
LC08_L2SP_197024_20240921_02_T1,2024-09-21,2024-09-21T10:27:35.496014Z,landsat-8,0.65,27.017075231676777,27.305883407592773,23.06412124633789,30.29323387145996,19.41709327697754,45.9477653503418,451615,0.5278996696645447,data/landsat_lst/koeln/03_landsat_scenes/all_processed_lst_c/20240921_lc08_l2sp_197024_20240921_02_t1_LST_C.tif,local_existing
LC09_L2SP_197025_20260428_02_T1,2026-04-28,2026-04-28T10:27:47.464465Z,landsat-9,8.3,24.977987908427348,24.974794387817383,19.93321418762207,30.25563621520996,7.3788275718688965,48.68560028076172,347310,0.3986799058715491,data/landsat_lst/koeln/03_landsat_scenes/all_processed_lst_c/20260428_lc09_l2sp_197025_20260428_02_t1_LST_C.tif,local_existing
LC08_L2SP_197025_20240921_02_T1,2024-09-21,2024-09-21T10:27:59.382818Z,landsat-8,0.18,27.033316903250437,27.312719345092773,23.10171890258789,30.238544464111328,19.32139015197754,45.79737091064453,417988,0.4798117430982035,data/landsat_lst/koeln/03_landsat_scenes/all_processed_lst_c/20240921_lc08_l2sp_197025_20240921_02_t1_LST_C.tif,local_existing
LC08_L2SP_197025_20200910_02_T1,2020-09-10,2020-09-10T10:28:17.416824Z,landsat-8,25.31,26.103606260725723,26.413780212402344,21.1602840423584,30.235126495361328,18.207115173339844,45.414554595947266,410542,0.4712644205934684,data/landsat_lst/koeln/03_landsat_scenes/all_processed_lst_c/20200910_lc08_l2sp_197025_20200910_02_t1_LST_C.tif,local_existing
LC08_L2SP_197024_20230514_02_T1,2023-05-14,2023-05-14T10:26:57.495096Z,landsat-8,21.32,24.58424180046445,24.574886322021484,18.914644241333008,30.101823806762695,12.020499229431152,49.93317794799805,369751,0.4322075900006312,data/landsat_lst/koeln/03_landsat_scenes/all_processed_lst_c/20230514_lc08_l2sp_197024_20230514_02_t1_LST_C.tif,local_existing
LC09_L2SP_197025_20220503_02_T1,2022-05-03,2022-05-03T10:27:47.968725Z,landsat-9,12.87,24.91104610092661,25.20380210876465,19.693954467773438,29.77027702331543,13.069830894470215,46.610862731933594,394745,0.4531309189003042,data/landsat_lst/koeln/03_landsat_scenes/all_processed_lst_c/20220503_lc09_l2sp_197025_20220503_02_t1_LST_C.tif,local_existing
LC09_L2SP_197024_20220503_02_T1,2022-05-03,2022-05-03T10:27:24.090417Z,landsat-9,27.19,24.851062177313526,25.070499420166016,19.673444747924805,29.75660514831543,13.452649116516113,46.610862731933594,442869,0.517676336713057,data/landsat_lst/koeln/03_landsat_scenes/all_processed_lst_c/20220503_lc09_l2sp_197024_20220503_02_t1_LST_C.tif,local_existing
LC08_L2SP_196025_20210906_02_T1,2021-09-06,2021-09-06T10:22:08.772433Z,landsat-8,3.61,24.960387946191947,25.15595054626465,20.24767303466797,29.2473201751709,14.570342063903809,44.56005096435547,368375,0.4305991625891006,data/landsat_lst/koeln/03_landsat_scenes/all_processed_lst_c/20210906_lc08_l2sp_196025_20210906_02_t1_LST_C.tif,local_existing
LC08_L2SP_196025_20250426_02_T1,2025-04-26,2025-04-26T10:21:18.061442Z,landsat-8,20.09,24.266856425072167,24.058765411376953,19.91612434387207,28.967041015625,15.08646297454834,49.97761154174805,324599,0.3794287277292418,data/landsat_lst/koeln/03_landsat_scenes/all_processed_lst_c/20250426_lc08_l2sp_196025_20250426_02_t1_LST_C.tif,local_existing
LC08_L2SP_196025_20220418_02_T1,2022-04-18,2022-04-18T10:21:43.304690Z,landsat-8,0.36,24.41695374807006,24.694517135620117,19.738388061523438,28.874755859375,13.907245635986328,46.761253356933594,452362,0.5287728493712405,data/landsat_lst/koeln/03_landsat_scenes/all_processed_lst_c/20220418_lc08_l2sp_196025_20220418_02_t1_LST_C.tif,local_existing
LC08_L2SP_196024_20250426_02_T1,2025-04-26,2025-04-26T10:20:54.187346Z,landsat-8,4.29,23.810442302727953,23.39908790588379,19.451274871826172,28.608150482177734,15.435100555419922,49.97077560424805,88189,0.10308546874671243,data/landsat_lst/koeln/03_landsat_scenes/all_processed_lst_c/20250426_lc08_l2sp_196024_20250426_02_t1_LST_C.tif,local_existing
LC09_L2SP_196025_20230904_02_T1,2023-09-04,2023-09-04T10:21:52.062006Z,landsat-9,0.17,24.184676539310097,24.051929473876953,19.728134155273438,28.5329532623291,12.80322551727295,44.4472541809082,391968,0.4581773805543931,data/landsat_lst/koeln/03_landsat_scenes/all_processed_lst_c/20230904_lc09_l2sp_196025_20230904_02_t1_LST_C.tif,local_existing
LC09_L2SP_196025_20260523_02_T1,2026-05-23,2026-05-23T10:21:12.712721Z,landsat-9,13.5,22.9864727026117,22.55996322631836,17.431224822998047,28.40956268310547,11.586410522460938,38.486228942871094,4562,0.005332591461775301,data/landsat_lst/koeln/03_landsat_scenes/all_processed_lst_c/20260523_lc09_l2sp_196025_20260523_02_t1_LST_C.tif,local_existing
LC09_L2SP_196024_20230904_02_T1,2023-09-04,2023-09-04T10:21:28.179462Z,landsat-9,0.35,24.120051006870746,23.682783126831055,20.189565658569336,28.36888885498047,16.35796546936035,44.4233283996582,123742,0.14464391334129753,data/landsat_lst/koeln/03_landsat_scenes/all_processed_lst_c/20230904_lc09_l2sp_196024_20230904_02_t1_LST_C.tif,local_existing
LC08_L2SP_196024_20220418_02_T1,2022-04-18,2022-04-18T10:21:19.417886Z,landsat-8,0.01,23.82916471922361,23.768234252929688,19.31797218322754,28.283437728881836,14.324244499206543,46.764671325683594,128668,0.15040198996135565,data/landsat_lst/koeln/03_landsat_scenes/all_processed_lst_c/20220418_lc08_l2sp_196024_20220418_02_t1_LST_C.tif,local_existing
LC08_L2SP_196025_20200514_02_T1,2020-05-14,2020-05-14T10:21:18.360216Z,landsat-8,20.36,22.505683321789824,22.859039306640625,16.023000717163086,27.924545288085938,11.06003475189209,44.63182830810547,198843,0.2324306190341487,data/landsat_lst/koeln/03_landsat_scenes/all_processed_lst_c/20200514_lc08_l2sp_196025_20200514_02_t1_LST_C.tif,local_existing
LC09_L2SP_196025_20220512_02_T1,2022-05-12,2022-05-12T10:21:31.499369Z,landsat-9,25.22,21.00593443998085,20.531368255615234,15.424846649169922,27.876693725585938,10.267054557800293,36.09703063964844,54316,0.06349080180574031,data/landsat_lst/koeln/03_landsat_scenes/all_processed_lst_c/20220512_lc09_l2sp_196025_20220512_02_t1_LST_C.tif,local_existing
LC09_L2SP_197025_20250409_02_T1,2025-04-09,2025-04-09T10:27:56.855004Z,landsat-9,20.62,22.950920273030107,23.194005966186523,19.01034927368164,26.57784652709961,12.666504859924316,40.72844696044922,397525,0.456322102967342,data/landsat_lst/koeln/03_landsat_scenes/all_processed_lst_c/20250409_lc09_l2sp_197025_20250409_02_t1_LST_C.tif,local_existing
LC09_L2SP_197024_20250409_02_T1,2025-04-09,2025-04-09T10:27:32.976696Z,landsat-9,10.54,22.80788928688154,23.04019546508789,18.808687210083008,26.523157119750977,12.683594703674316,40.824153900146484,451428,0.5276810825090532,data/landsat_lst/koeln/03_landsat_scenes/all_processed_lst_c/20250409_lc09_l2sp_197024_20250409_02_t1_LST_C.tif,local_existing
LC09_L2SP_197025_20220417_02_T1,2022-04-17,2022-04-17T10:27:53.559258Z,landsat-9,0.02,22.50684678108301,22.814605712890625,18.278892517089844,26.372764587402344,13.083502769470215,44.16355895996094,402000,0.4614589909889227,data/landsat_lst/koeln/03_landsat_scenes/all_processed_lst_c/20220417_lc09_l2sp_197025_20220417_02_t1_LST_C.tif,local_existing
LC09_L2SP_197024_20220417_02_T1,2022-04-17,2022-04-17T10:27:29.685187Z,landsat-9,0.53,22.371487594763224,22.630033493041992,18.12166404724121,26.321495056152344,13.076666831970215,44.17381286621094,451716,0.5280177301068155,data/landsat_lst/koeln/03_landsat_scenes/all_processed_lst_c/20220417_lc09_l2sp_197024_20220417_02_t1_LST_C.tif,local_existing
LC09_L2SP_196025_20240922_02_T1,2024-09-22,2024-09-22T10:21:39.378597Z,landsat-9,29.88,21.635768514911767,21.29700469970703,17.53034782409668,26.27364158630371,10.444791793823242,39.97306823730469,374341,0.4375729110899667,data/landsat_lst/koeln/03_landsat_scenes/all_processed_lst_c/20240922_lc09_l2sp_196025_20240922_02_t1_LST_C.tif,local_existing
LC09_L2SP_196024_20240922_02_T1,2024-09-22,2024-09-22T10:21:15.500290Z,landsat-9,19.89,21.445252545502413,21.1671199798584,18.008869171142578,25.26532554626465,13.50050163269043,36.55846405029297,72353,0.08457452653086989,data/landsat_lst/koeln/03_landsat_scenes/all_processed_lst_c/20240922_lc09_l2sp_196024_20240922_02_t1_LST_C.tif,local_existing
LC08_L2SP_196025_20230928_02_T1,2023-09-28,2023-09-28T10:22:00.706247Z,landsat-8,21.27,20.799628831749253,20.603147506713867,18.374597549438477,23.597332000732422,14.532743453979492,27.852767944335938,21805,0.025488197462518732,data/landsat_lst/koeln/03_landsat_scenes/all_processed_lst_c/20230928_lc08_l2sp_196025_20230928_02_t1_LST_C.tif,local_existing
LC08_L2SP_196025_20240423_02_T1,2024-04-23,2024-04-23T10:21:21.260906Z,landsat-8,27.77,17.752416271774383,17.520092010498047,12.536620140075684,22.852203369140625,7.505294322967529,41.62738800048828,300338,0.3510696743635841,data/landsat_lst/koeln/03_landsat_scenes/all_processed_lst_c/20240423_lc08_l2sp_196025_20240423_02_t1_LST_C.tif,local_existing
LC09_L2SP_196025_20250402_02_T1,2025-04-02,2025-04-02T10:21:41.406812Z,landsat-9,6.56,19.898657092261764,19.998157501220703,17.09967613220215,22.735992431640625,6.541412830352783,32.86358642578125,203559,0.23794322344750518,data/landsat_lst/koeln/03_landsat_scenes/all_processed_lst_c/20250402_lc09_l2sp_196025_20250402_02_t1_LST_C.tif,local_existing
LC08_L2SP_197024_20200505_02_T1,2020-05-05,2020-05-05T10:27:05.857232Z,landsat-8,12.66,17.50809352519735,17.60896110534668,12.263177871704102,22.394189834594727,6.168848514556885,44.3481330871582,416100,0.4863856438502199,data/landsat_lst/koeln/03_landsat_scenes/all_processed_lst_c/20200505_lc08_l2sp_197024_20200505_02_t1_LST_C.tif,local_existing
LC09_L2SP_196024_20250402_02_T1,2025-04-02,2025-04-02T10:21:17.528504Z,landsat-9,3.82,19.298012478140226,19.263282775878906,16.525449752807617,22.291648864746094,6.380765914916992,34.22053909301758,82625,0.09658162418438937,data/landsat_lst/koeln/03_landsat_scenes/all_processed_lst_c/20250402_lc09_l2sp_196024_20250402_02_t1_LST_C.tif,local_existing
LC09_L2SP_196024_20260421_02_T1,2026-04-21,2026-04-21T10:21:15.692122Z,landsat-9,11.77,18.314665559878748,17.991779327392578,14.748078346252441,22.096820831298828,9.843219757080078,37.392459869384766,117242,0.13704596408624725,data/landsat_lst/koeln/03_landsat_scenes/all_processed_lst_c/20260421_lc09_l2sp_196024_20260421_02_t1_LST_C.tif,local_existing
LC08_L2SP_197024_20250401_02_T1,2025-04-01,2025-04-01T10:27:20.342453Z,landsat-8,4.54,18.727425849866712,18.907808303833008,15.691452026367188,21.567028045654297,10.379849433898926,34.610191345214844,404758,0.4731278068577921,data/landsat_lst/koeln/03_landsat_scenes/all_processed_lst_c/20250401_lc08_l2sp_197024_20250401_02_t1_LST_C.tif,local_existing
LC08_L2SP_197025_20250401_02_T1,2025-04-01,2025-04-01T10:27:44.220786Z,landsat-8,25.41,18.758081968532,18.93857192993164,15.725632667541504,21.560192108154297,10.383267402648926,34.66146469116211,367972,0.4223979796820295,data/landsat_lst/koeln/03_landsat_scenes/all_processed_lst_c/20250401_lc08_l2sp_197025_20250401_02_t1_LST_C.tif,local_existing
LC08_L2SP_197025_20210422_02_T1,2021-04-22,2021-04-22T10:27:42.308488Z,landsat-8,4.16,15.937598248976553,15.79741096496582,11.203592300415039,20.958621978759766,0.6590002775192261,32.685848236083984,237690,0.27284623773173394,data/landsat_lst/koeln/03_landsat_scenes/all_processed_lst_c/20210422_lc08_l2sp_197025_20210422_02_t1_LST_C.tif,local_existing
LC08_L2SP_196025_20230405_02_T1,2023-04-05,2023-04-05T10:21:35.380497Z,landsat-8,2.46,17.184744924489483,17.11334800720215,13.466320991516113,20.835573196411133,9.621048927307129,38.636619567871094,449450,0.5253689681049779,data/landsat_lst/koeln/03_landsat_scenes/all_processed_lst_c/20230405_lc08_l2sp_196025_20230405_02_t1_LST_C.tif,local_existing
LC08_L2SP_196024_20230405_02_T1,2023-04-05,2023-04-05T10:21:11.502167Z,landsat-8,6.71,16.63385159829449,16.34429359436035,13.141609191894531,20.104116439819336,10.273890495300293,38.650291442871094,130390,0.152414862056309,data/landsat_lst/koeln/03_landsat_scenes/all_processed_lst_c/20230405_lc08_l2sp_196024_20230405_02_t1_LST_C.tif,local_existing
LC09_L2SP_196024_20260523_02_T1,2026-05-23,2026-05-23T10:20:48.842887Z,landsat-9,24.78,15.967218929775015,15.643599510192871,14.174534606933594,19.184669494628906,11.333477020263672,21.461069107055664,1867,0.002182364809104447,data/landsat_lst/koeln/03_landsat_scenes/all_processed_lst_c/20260523_lc09_l2sp_196024_20260523_02_t1_LST_C.tif,local_existing
LC09_L2SP_197025_20230404_02_T1,2023-04-04,2023-04-04T10:28:01.711395Z,landsat-9,1.83,14.975018320248793,14.94290542602539,11.408673286437988,18.244712829589844,8.223078727722168,35.23227310180664,405143,0.46506686563737587,data/landsat_lst/koeln/03_landsat_scenes/all_processed_lst_c/20230404_lc09_l2sp_197025_20230404_02_t1_LST_C.tif,local_existing
LC09_L2SP_197024_20230404_02_T1,2023-04-04,2023-04-04T10:27:37.828851Z,landsat-9,0.61,14.862117340943593,14.782258987426758,11.268534660339355,18.179771423339844,8.199151992797852,35.23569107055664,451753,0.5280609799718058,data/landsat_lst/koeln/03_landsat_scenes/all_processed_lst_c/20230404_lc09_l2sp_197024_20230404_02_t1_LST_C.tif,local_existing
LC09_L2SP_196025_20240415_02_T1,2024-04-15,2024-04-15T10:21:46.643490Z,landsat-9,28.03,12.853657754547394,13.134773254394531,11.449689865112305,14.016622543334961,6.589264869689941,14.830111503601074,669,7.820043156351768e-4,data/landsat_lst/koeln/03_landsat_scenes/all_processed_lst_c/20240415_lc09_l2sp_196025_20240415_02_t1_LST_C.tif,local_existing
